<?xml version="1.0" encoding="UTF-8"?>
<project xmlns="http://maven.apache.org/POM/4.0.0" xmlns:xsi="http://www.w3.org/2001/XMLSchema-instance" xsi:schemaLocation="http://maven.apache.org/POM/4.0.0 http://maven.apache.org/maven-v4_0_0.xsd">
  <modelVersion>4.0.0</modelVersion>
  <groupId>org.apache.ignite</groupId>
  <artifactId>ignite-poc</artifactId>
  <version>1.6.0</version>
  <build>
    <resources>
      <resource>
        <directory>src/main/java</directory>
        <excludes>
          <exclude>**/*.java</exclude>
        </excludes>
      </resource>
      <resource>
        <directory>config</directory>
      </resource>
    </resources>
    <plugins>
      <plugin>
        <artifactId>maven-compiler-plugin</artifactId>
        <version>3.1</version>
        <configuration>
          <source>${java.ver}</source>
          <target>${java.ver}</target>
        </configuration>
      </plugin>
      <plugin>
        <groupId>org.codehaus.mojo</groupId>
        <artifactId>build-helper-maven-plugin</artifactId>
        <executions>
          <execution>
            <id>add-sources</id>
            <phase>generate-sources</phase>
            <goals>
              <goal>add-source</goal>
            </goals>
            <configuration>
              <sources>
                <source>schema-import/src/main/java</source>
                <source>${lgpl.folder}</source>
                <source>${java8.folder}</source>
              </sources>
            </configuration>
          </execution>
        </executions>
      </plugin>
      <plugin>
        <artifactId>maven-shade-plugin</artifactId>
        <version>2.1</version>
        <executions>
          <execution>
            <phase>package</phase>
            <goals>
              <goal>shade</goal>
            </goals>
            <configuration>
              <transformers>
                <transformer />
                <transformer>
                  <resource>META-INF/spring.handlers</resource>
                </transformer>
                <transformer>
                  <resource>META-INF/spring.schemas</resource>
                </transformer>
              </transformers>
              <filters>
                <filter>
                  <artifact>*:*</artifact>
                  <excludes>
                    <exclude>META-INF/*.SF</exclude>
                    <exclude>META-INF/*.DSA</exclude>
                    <exclude>META-INF/*.RSA</exclude>
                  </excludes>
                </filter>
              </filters>
            </configuration>
          </execution>
        </executions>
      </plugin>
    </plugins>
  </build>
  <profiles>
    <profile>
      <id>java8</id>
      <properties>
        <java.ver>1.8</java.ver>
        <java8.folder>src/main/java8</java8.folder>
      </properties>
    </profile>
    <profile>
      <id>scala</id>
      <build>
        <plugins>
          <plugin>
            <groupId>net.alchim31.maven</groupId>
            <artifactId>scala-maven-plugin</artifactId>
            <version>3.2.0</version>
            <executions>
              <execution>
                <id>scala-compile-first</id>
                <phase>process-resources</phase>
                <goals>
                  <goal>add-source</goal>
                  <goal>compile</goal>
                </goals>
              </execution>
              <execution>
                <id>scala-test-compile</id>
                <phase>process-test-resources</phase>
                <goals>
                  <goal>testCompile</goal>
                </goals>
              </execution>
            </executions>
            <configuration>
              <jvmArgs>
                <jvmArg>-Xms512m</jvmArg>
                <jvmArg>-Xmx1024m</jvmArg>
              </jvmArgs>
            </configuration>
          </plugin>
        </plugins>
      </build>
      <dependencies>
        <dependency>
          <groupId>org.apache.ignite</groupId>
          <artifactId>ignite-scalar</artifactId>
          <version>1.6.0</version>
        </dependency>
      </dependencies>
    </profile>
    <profile>
      <id>lgpl</id>
      <dependencies>
        <dependency>
          <groupId>org.apache.ignite</groupId>
          <artifactId>ignite-hibernate</artifactId>
          <version>1.6.0</version>
        </dependency>
        <dependency>
          <groupId>org.apache.ignite</groupId>
          <artifactId>ignite-schedule</artifactId>
          <version>1.6.0</version>
        </dependency>
      </dependencies>
      <properties>
        <lgpl.folder>src/main/java-lgpl</lgpl.folder>
      </properties>
    </profile>
  </profiles>
  <properties>
    <java.ver>1.7</java.ver>
    <lgpl.folder>src/main/java</lgpl.folder>
    <java8.folder>src/main/java</java8.folder>
    <project.build.sourceEncoding>UTF-8</project.build.sourceEncoding>
  </properties>
</project>

