<?xml version="1.0" encoding="UTF-8"?>
<project xmlns="http://maven.apache.org/POM/4.0.0" xmlns:xsi="http://www.w3.org/2001/XMLSchema-instance" xsi:schemaLocation="http://maven.apache.org/POM/4.0.0 http://maven.apache.org/maven-v4_0_0.xsd">
  <parent>
    <artifactId>cxf-samples</artifactId>
    <groupId>org.apache.cxf.samples</groupId>
    <version>3.2.0-SNAPSHOT</version>
    <relativePath>../../pom.xml</relativePath>
  </parent>
  <modelVersion>4.0.0</modelVersion>
  <artifactId>jax_rs_tracing_brave</artifactId>
  <name>JAX-RS Demo Using Distributed Tracing with OpenZipkin Brave</name>
  <description>JAX-RS Demo Using Distributed Tracing with OpenZipkin Brave</description>
  <build>
    <plugins>
      <plugin>
        <artifactId>maven-shade-plugin</artifactId>
        <version>3.0.0</version>
        <executions>
          <execution>
            <phase>package</phase>
            <goals>
              <goal>shade</goal>
            </goals>
            <configuration>
              <artifactSet>
                <excludes>
                  <exclude>classworlds:classworlds</exclude>
                  <exclude>junit:junit</exclude>
                  <exclude>jmock:*</exclude>
                  <exclude>*:xml-apis</exclude>
                  <exclude>org.apache.maven:lib:tests</exclude>
                  <exclude>log4j:log4j:jar:</exclude>
                </excludes>
              </artifactSet>
            </configuration>
          </execution>
        </executions>
      </plugin>
    </plugins>
  </build>
  <profiles>
    <profile>
      <id>server</id>
      <build>
        <defaultGoal>test</defaultGoal>
        <plugins>
          <plugin>
            <groupId>org.codehaus.mojo</groupId>
            <artifactId>exec-maven-plugin</artifactId>
            <executions>
              <execution>
                <phase>test</phase>
                <goals>
                  <goal>java</goal>
                </goals>
                <configuration>
                  <mainClass>demo.jaxrs.tracing.server.Server</mainClass>
                </configuration>
              </execution>
            </executions>
          </plugin>
        </plugins>
      </build>
    </profile>
    <profile>
      <id>client</id>
      <build>
        <defaultGoal>test</defaultGoal>
        <plugins>
          <plugin>
            <artifactId>maven-shade-plugin</artifactId>
            <version>3.0.0</version>
            <executions>
              <execution>
                <phase>package</phase>
                <goals>
                  <goal>shade</goal>
                </goals>
                <configuration>
                  <artifactSet>
                    <excludes>
                      <exclude>classworlds:classworlds</exclude>
                      <exclude>junit:junit</exclude>
                      <exclude>jmock:*</exclude>
                      <exclude>*:xml-apis</exclude>
                      <exclude>org.apache.maven:lib:tests</exclude>
                      <exclude>log4j:log4j:jar:</exclude>
                    </excludes>
                  </artifactSet>
                </configuration>
              </execution>
            </executions>
          </plugin>
          <plugin>
            <groupId>org.codehaus.mojo</groupId>
            <artifactId>exec-maven-plugin</artifactId>
            <version>1.2</version>
            <executions>
              <execution>
                <phase>test</phase>
                <goals>
                  <goal>java</goal>
                </goals>
                <configuration>
                  <mainClass>demo.jaxrs.tracing.client.Client</mainClass>
                </configuration>
              </execution>
            </executions>
          </plugin>
        </plugins>
      </build>
    </profile>
  </profiles>
  <properties>
    <httpclient.version>3.1</httpclient.version>
    <cxf.version>${project.version}</cxf.version>
  </properties>
</project>

