<?xml version="1.0" encoding="UTF-8" ?>
<tc:tc-config xmlns:tc="http://www.terracotta.org/config">
  <tc-properties>
    <!--<property name="l2.l1reconnect.timeout.millis" value="30000"/>-->
  </tc-properties>
  <servers>
 <mirror-group group-name="StripeTHREE">
      <server host="localhost" name="Region3TSA">
      <data>tsa-region-3/data</data>
      <logs>tsa-region-3/logs</logs>
      <index>tsa-region-3/index</index>
      <tsa-port>9710</tsa-port>
      <jmx-port>9720</jmx-port>
      <tsa-group-port>9730</tsa-group-port>
      <offheap>
        <enabled>true</enabled>
        <maxDataSize>1g</maxDataSize>
      </offheap>
    </server>
  
 </mirror-group>
    <restartable enabled="false"/>
  </servers>
  <clients>
    <logs>client-region-1</logs>
  </clients>
</tc:tc-config>
