<?xml version="1.0" encoding="UTF-8"?>
<wan-config xmlns="http://config.wan.terracottatech.com">

  <bind host="localhost" port="9001"/>
  <logs>/tmp/logs/wan</logs>
  <replicationMode>unidirectional</replicationMode>

  <cacheManager ehcacheConfigURI="file:///tmp/ehcache.xml">
    <cache name="test-cache-1">
      <master host="localhost" port="9001"/>
      <master host="localhost" port="9002"/>
    </cache>
    <cache name="test-cache-2">
      <master host="localhost" port="9002"/>
    </cache>
  </cacheManager>
</wan-config>
