<?xml version="1.0" encoding="UTF-8" ?>
<tc:tc-config xmlns:tc="http://www.terracotta.org/config">

  <tc-properties>
    <!--    <property name="l2.l1reconnect.timeout.millis" value="30000"/> -->
  </tc-properties>

  <servers>
    <server host="localhost" name="Region 1 TSA">
      <data>tsa-region-1/data</data>
      <logs>tsa-region-1/logs</logs>
      <index>tsa-region-1/index</index>
      <tsa-port>9510</tsa-port>
      <jmx-port>9520</jmx-port>
      <tsa-group-port>9530</tsa-group-port>
      <offheap>
        <enabled>true</enabled>
        <maxDataSize>1g</maxDataSize>
      </offheap>
    </server>
    <restartable enabled="false"/>
  </servers>

  <clients>
    <logs>client-region-1</logs>
  </clients>

</tc:tc-config>
